,aj_id,aj_date,bbc_id,bbc_date,cosine_similarity,aj_title,bbc_title,match
12,0,12/02/2024,1275,12/02/2024,0.805086732,"Israel kills dozens in Rafah strikes, frees two captives",Israel rescues two hostages in Rafah amid deadly strikes - BBC News,1
60,3,11/02/2024,1268,12/02/2024,0.794710159,What’s happening in Gaza’s Rafah as Israel threatens to attack?,Israel Gaza: Palestinians sheltering in Rafah fear impending offensive - BBC News,0
63,3,11/02/2024,1271,12/02/2024,0.761256874,What’s happening in Gaza’s Rafah as Israel threatens to attack?,Gaza war: What we know about Israel's Rafah hostage rescue raid - BBC News,0
70,3,11/02/2024,1278,12/02/2024,0.824044526,What’s happening in Gaza’s Rafah as Israel threatens to attack?,Israel-Gaza war: 'Violent' strikes reported in Gazan city of Rafah - BBC News,0
71,3,11/02/2024,1279,12/02/2024,0.824044526,What’s happening in Gaza’s Rafah as Israel threatens to attack?,Israel-Gaza war: 'Violent' strikes reported in Gazan city of Rafah - BBC News,0
100,5,11/02/2024,1270,12/02/2024,0.741682172,‘We’re going to do it’: Israeli PM set on invasion of Rafah,"Israelâ€™s assault on Rafah looms, but no plan yet to evacuate civilians - BBC News",0
242,15,09/02/2024,1289,09/02/2024,0.791752219,"Israel ramps up deadly attacks on Gaza’s Rafah despite US, UN warnings",Israel-Gaza war: US says it will not back unplanned Rafah offensive - BBC News,0
337,21,07/02/2024,1296,08/02/2024,0.795993626,Paramilitary commander killed in Baghdad drone strike: Reports,US drone strike kills Iran-backed militia leader in Baghdad - BBC News,1
482,33,06/02/2024,1304,06/02/2024,0.845145941,"Defiant Houthis claim fresh Red Sea attacks on US, UK ships",Houthis claim new attacks on Red Sea shipping - BBC News,1
546,40,05/02/2024,1306,05/02/2024,0.720070839,Attack on Syrian US base kills Kurdish fighters as regional tension simmers,Drone attack kills six Kurdish-led fighters at US base in east Syria - BBC News,1
554,41,04/02/2024,1308,05/02/2024,0.8562392,US-UK strikes on Yemen’s Houthis: What we know so far,US launches more strikes against Houthis in Yemen - BBC News,0
555,41,04/02/2024,1310,04/02/2024,0.818071246,US-UK strikes on Yemen’s Houthis: What we know so far,Grant Shapps says UK and US strikes on Yemen Houthis 'not an escalation' - BBC News,0
574,43,04/02/2024,1308,05/02/2024,0.825262308,"US, UK launch new wave of strikes on Yemen’s Houthis amid Gaza war",US launches more strikes against Houthis in Yemen - BBC News,1
575,43,04/02/2024,1310,04/02/2024,0.702653527,"US, UK launch new wave of strikes on Yemen’s Houthis amid Gaza war",Grant Shapps says UK and US strikes on Yemen Houthis 'not an escalation' - BBC News,0
604,46,03/02/2024,1311,04/02/2024,0.730250001,"‘Strategic error’: Iran condemns US attacks on Iraq, Syria",Iran says US strikes are a 'strategic mistake' - BBC News,1
688,52,02/02/2024,1320,02/02/2024,0.726459324,US to hit back against Iran-linked targets: Who and where will it strike?,"US approves plan to strike Iranian targets in Syria and Iraq, officials say - BBC News",1
700,53,02/02/2024,1318,02/02/2024,0.899085879,Turkey arrests seven suspected of selling information to Israel’s Mossad,Turkey Israel: 'Seven arrested for passing information to Mossad' - BBC News,1
711,54,02/02/2024,1314,03/02/2024,0.716458559,"US approves plan for strikes on Iran-linked targets in Iraq, Syria: Report",What we know about US retaliatory strikes in Iraq and Syria - BBC News,0
716,54,02/02/2024,1320,02/02/2024,0.940705657,"US approves plan for strikes on Iran-linked targets in Iraq, Syria: Report","US approves plan to strike Iranian targets in Syria and Iraq, officials say - BBC News",1
727,55,01/02/2024,1321,01/02/2024,0.944892287,US imposes sanctions on four Israeli settlers over West Bank violence,US sanctions Israeli settlers over West Bank violence - BBC News,1
901,64,30/01/2024,1334,30/01/2024,0.731487751,Hamas studying three-phase Gaza truce plan as Israeli hardliners warn PM,Hamas says it is studying proposal for new pause in Gaza fighting - BBC News,1
929,65,30/01/2024,1337,30/01/2024,0.960321307,Israeli forces kill three Palestinians in West Bank hospital raid,Israeli forces kill three Palestinian fighters in West Bank hospital raid - BBC News,1
1015,69,29/01/2024,1345,29/01/2024,0.908605993,"What is Tower 22, the Jordan-based US outpost targeted in a drone strike?",US drone attack: What is Tower 22 and why are US troops in Jordan? - BBC News,1
1116,74,29/01/2024,1346,29/01/2024,0.868702412,Iran denies involvement in drone attack that killed 3 US soldiers in Jordan,Iran denies involvement in drone strike that killed three US troops - BBC News,1
1161,77,28/01/2024,1340,29/01/2024,0.701065183,"Three US service members killed in Jordan drone attack, Biden says",Three US soldiers killed in Jordan attack named - BBC News,1
1172,77,28/01/2024,1351,29/01/2024,0.706199169,"Three US service members killed in Jordan drone attack, Biden says",US drone attack: Three US troops killed in drone strike on US base in Middle East - BBC News,0
1253,83,27/01/2024,1358,26/01/2024,0.74625653,UN Security Council to discuss ICJ ruling in Israel genocide case,ICJ says Israel must prevent genocide in Gaza - BBC News,0
1280,86,27/01/2024,1358,26/01/2024,0.72935307,ICJ ruling in Gaza genocide case renews calls to end Israel arms transfers,ICJ says Israel must prevent genocide in Gaza - BBC News,0
1282,86,27/01/2024,1361,26/01/2024,0.791109204,ICJ ruling in Gaza genocide case renews calls to end Israel arms transfers,Gaza war: ICJ to rule on call for Israel to stop military action - BBC News,0
1331,91,26/01/2024,1357,26/01/2024,0.813137233,"What has the ICJ ordered Israel to do on Gaza war, and what’s next?",Israel reined in by ICJ rulings on Gaza - but will it obey? - BBC News,1
1332,91,26/01/2024,1358,26/01/2024,0.774944067,"What has the ICJ ordered Israel to do on Gaza war, and what’s next?",ICJ says Israel must prevent genocide in Gaza - BBC News,0
1334,91,26/01/2024,1361,26/01/2024,0.846624255,"What has the ICJ ordered Israel to do on Gaza war, and what’s next?",Gaza war: ICJ to rule on call for Israel to stop military action - BBC News,0
1343,92,26/01/2024,1357,26/01/2024,0.707454622,World reacts to ICJ interim ruling in Gaza genocide case against Israel,Israel reined in by ICJ rulings on Gaza - but will it obey? - BBC News,0
1344,92,26/01/2024,1358,26/01/2024,0.766682386,World reacts to ICJ interim ruling in Gaza genocide case against Israel,ICJ says Israel must prevent genocide in Gaza - BBC News,0
1346,92,26/01/2024,1361,26/01/2024,0.700889647,World reacts to ICJ interim ruling in Gaza genocide case against Israel,Gaza war: ICJ to rule on call for Israel to stop military action - BBC News,0
1355,93,26/01/2024,1357,26/01/2024,0.782555521,ICJ rules Israel must prevent acts of genocide in Gaza: Key takeaways,Israel reined in by ICJ rulings on Gaza - but will it obey? - BBC News,0
1356,93,26/01/2024,1358,26/01/2024,0.920898616,ICJ rules Israel must prevent acts of genocide in Gaza: Key takeaways,ICJ says Israel must prevent genocide in Gaza - BBC News,1
1358,93,26/01/2024,1361,26/01/2024,0.812226951,ICJ rules Israel must prevent acts of genocide in Gaza: Key takeaways,Gaza war: ICJ to rule on call for Israel to stop military action - BBC News,0
1367,94,26/01/2024,1357,26/01/2024,0.77681452,ICJ orders Israel to prevent acts of genocide in Gaza,Israel reined in by ICJ rulings on Gaza - but will it obey? - BBC News,0
1368,94,26/01/2024,1358,26/01/2024,0.912980378,ICJ orders Israel to prevent acts of genocide in Gaza,ICJ says Israel must prevent genocide in Gaza - BBC News,0
1370,94,26/01/2024,1361,26/01/2024,0.830077529,ICJ orders Israel to prevent acts of genocide in Gaza,Gaza war: ICJ to rule on call for Israel to stop military action - BBC News,0
1379,95,26/01/2024,1357,26/01/2024,0.812713206,What the ICJ’s interim ruling means for Israel’s war on Gaza,Israel reined in by ICJ rulings on Gaza - but will it obey? - BBC News,0
1380,95,26/01/2024,1358,26/01/2024,0.750136733,What the ICJ’s interim ruling means for Israel’s war on Gaza,ICJ says Israel must prevent genocide in Gaza - BBC News,0
1382,95,26/01/2024,1361,26/01/2024,0.839249194,What the ICJ’s interim ruling means for Israel’s war on Gaza,Gaza war: ICJ to rule on call for Israel to stop military action - BBC News,0
1493,104,25/01/2024,1362,25/01/2024,0.854053736,Qatar ‘appalled’ at alleged Netanyahu criticism of mediation in Gaza war,Qatar 'appalled' by reported criticism from Israel's Netanyahu - BBC News,1
1644,112,24/01/2024,1377,23/01/2024,0.83168602,"US carries out new strikes on Houthi missiles in Yemen, Iraq sites",US and UK launch fresh strikes on Houthis in Yemen - BBC News,1
1645,112,24/01/2024,1378,23/01/2024,0.734029174,"US carries out new strikes on Houthi missiles in Yemen, Iraq sites",Latest US-UK strikes on Houthis in Yemen were self-defence - Sunak - BBC News,0
1686,115,23/01/2024,1371,23/01/2024,0.759491444,Israeli military ‘encircles’ Khan Younis after 24 soldiers killed in Gaza,Khan Younis: Israel says forces have encircled Gaza's second city - BBC News,1
1743,118,22/01/2024,1381,22/01/2024,0.72115767,US demands ‘urgent’ Israeli probe into Palestinian-American child’s death,US demands Israel conduct full investigation into Palestinian-American teen's killing - BBC News,1
1942,130,21/01/2024,1387,21/01/2024,0.770633221,Israel’s Netanyahu doubles down on opposition to Palestinian statehood,Israel-Gaza: Netanyahu defies Biden over Palestinian state - BBC News,0
2192,144,18/01/2024,1395,19/01/2024,0.72143662,Israel’s Netanyahu reiterates rejection of Palestinian state after Gaza war,Eisenkot: Key Israeli war leader challenges Netanyahu over Gaza strategy - BBC News,0
2198,144,18/01/2024,1401,19/01/2024,0.780435085,Israel’s Netanyahu reiterates rejection of Palestinian state after Gaza war,Netanyahu publicly rejects US push for Palestinian state - BBC News,1
2286,148,18/01/2024,1409,17/01/2024,0.761062026,What the designation of ‘terrorist’ means for Yemen’s Houthis,Yemen strikes: Houthis hit US-owned ship after 'terror' designation - BBC News,0
2325,150,18/01/2024,1408,18/01/2024,0.924020886,US launches new strikes on Houthi targets in Yemen,US launches fourth round of strikes on Houthi targets in Yemen - BBC News,1
2326,150,18/01/2024,1409,17/01/2024,0.762450576,US launches new strikes on Houthi targets in Yemen,Yemen strikes: Houthis hit US-owned ship after 'terror' designation - BBC News,0
2342,151,18/01/2024,1405,18/01/2024,0.743888497,Pakistan missiles strike Iran in retaliatory bombing as tensions soar,"Pakistan launches retaliatory strikes into Iran, killing nine people - BBC News",1
2348,151,18/01/2024,1411,17/01/2024,0.712344527,Pakistan missiles strike Iran in retaliatory bombing as tensions soar,Iran admits carrying out deadly strike on Pakistan territory - BBC News,0
2373,153,17/01/2024,1403,18/01/2024,0.787390292,Israel ramps up attacks on Khan Younis as aid for Gaza arrives in Egypt,Israeli troops push deep into Gaza's southern city of Khan Younis - BBC News,0
2400,154,17/01/2024,1409,17/01/2024,0.790789306,US designates Yemen’s Houthis as ‘global terrorists’,Yemen strikes: Houthis hit US-owned ship after 'terror' designation - BBC News,0
2449,156,17/01/2024,1416,16/01/2024,0.817660987,Aid headed into Gaza after Israel-Hamas seal first deal since truce ended,"Israel Gaza war: Deal reached on aid to Gaza, including to hostages - BBC News",0
2568,162,16/01/2024,1409,17/01/2024,0.812240839,Yemen’s Houthis claim attack on ship in Red Sea as US confirms new strike,Yemen strikes: Houthis hit US-owned ship after 'terror' designation - BBC News,0
2622,164,16/01/2024,1409,17/01/2024,0.737355709,US claims seizure of Iranian weapons bound for Yemen’s Houthis,Yemen strikes: Houthis hit US-owned ship after 'terror' designation - BBC News,0
2681,166,15/01/2024,1420,16/01/2024,0.71224761,Iran launches missile strikes in Iraq and Syria citing security threats,US condemns Iran for 'reckless' missile strikes on northern Iraq - BBC News,1
2767,169,15/01/2024,1422,16/01/2024,0.704523742,"Yemen’s Houthis hit US-owned ship in missile attack, US military says",Houthi missile hits US-owned container ship in Gulf of Aden - BBC News,1
2777,169,15/01/2024,1433,15/01/2024,0.817224979,"Yemen’s Houthis hit US-owned ship in missile attack, US military says",Yemen: US shoots down missile from Houthi-run area fired towards warship - BBC News,0
2799,170,15/01/2024,1426,15/01/2024,0.811416328,"At least one killed, 17 wounded in alleged car-ramming attacks in Israel","Israel: Woman killed, 17 hurt in suspected Palestinian car-ramming attack - BBC News",1
2973,176,15/01/2024,1433,15/01/2024,0.836197078,US says it shot down Houthi missile in first attack since strikes on Yemen,Yemen: US shoots down missile from Houthi-run area fired towards warship - BBC News,1
3173,184,13/01/2024,1458,12/01/2024,0.718448162,US launches new strikes on Yemen’s Houthis as conflict escalates,"UK and US strikes on Houthi sites in Yemen are self-defence, says Rishi Sunak - BBC News",0
3200,186,12/01/2024,1444,13/01/2024,0.702809453,‘Dangerous’: US attacks on Yemen’s Houthis belie push for de-escalation,Yemen strikes 'embolden' extremists - former ambassador - BBC News,0
3302,190,12/01/2024,1454,12/01/2024,0.733029962,What is South Africa’s five-point ICJ argument against Israel?,Israel says South Africa distorting the truth in ICJ genocide case - BBC News,0
3329,191,12/01/2024,1458,12/01/2024,0.776405931,"World reacts to US, UK attacks on Houthi targets in Yemen","UK and US strikes on Houthi sites in Yemen are self-defence, says Rishi Sunak - BBC News",0
3375,193,12/01/2024,1458,12/01/2024,0.73768568,US and UK launch strikes against Yemen; Houthi rebels promise to retaliate,"UK and US strikes on Houthi sites in Yemen are self-defence, says Rishi Sunak - BBC News",0
3445,197,11/01/2024,1450,12/01/2024,0.804320216,Day one of the ICJ genocide hearing against Israel: Key takeaways,South Africa's genocide case against Israel: Both sides play heavy on emotion in ICJ hearing - BBC News,1
3449,197,11/01/2024,1454,12/01/2024,0.746948957,Day one of the ICJ genocide hearing against Israel: Key takeaways,Israel says South Africa distorting the truth in ICJ genocide case - BBC News,0
3485,199,11/01/2024,1450,12/01/2024,0.861007094,ICJ hears South Africa’s genocide case against Israel over Gaza war,South Africa's genocide case against Israel: Both sides play heavy on emotion in ICJ hearing - BBC News,0
3489,199,11/01/2024,1454,12/01/2024,0.860388637,ICJ hears South Africa’s genocide case against Israel over Gaza war,Israel says South Africa distorting the truth in ICJ genocide case - BBC News,0
3519,200,11/01/2024,1464,11/01/2024,0.800407767,Iran seizes oil tanker off Oman in dispute with US,Iran seizes oil tanker St Nikolas near Oman - BBC News,1
3585,204,11/01/2024,1450,12/01/2024,0.747727096,A quick guide to South Africa’s ICJ case against Israel,South Africa's genocide case against Israel: Both sides play heavy on emotion in ICJ hearing - BBC News,0
3589,204,11/01/2024,1454,12/01/2024,0.798042238,A quick guide to South Africa’s ICJ case against Israel,Israel says South Africa distorting the truth in ICJ genocide case - BBC News,0
3731,212,09/01/2024,1470,09/01/2024,0.795964122,British FM ‘worried’ Israel may have breached international law in Gaza,David Cameron worried Israel may have broken international law in Gaza - BBC News,1
3769,214,09/01/2024,1476,09/01/2024,0.867879391,Blinken says civilian death toll in Gaza ‘far too high’,"Daily toll on Gazan civilians, especially children, 'far too high' - Blinken - BBC News",1
3771,214,09/01/2024,1478,08/01/2024,0.700432539,Blinken says civilian death toll in Gaza ‘far too high’,Antony Blinken: On the US mission to stop Gaza igniting wider war - BBC News,0
3866,220,08/01/2024,1479,08/01/2024,0.732882023,Hezbollah says Israel kills top commander amid fears of Gaza war escalation,Suspected Israeli strike in Lebanon kills senior Hezbollah commander - BBC News,0
3869,220,08/01/2024,1482,08/01/2024,0.787385702,Hezbollah says Israel kills top commander amid fears of Gaza war escalation,Israel Gaza: Senior Hezbollah commander killed in apparent Israeli strike on Lebanon - BBC News,1
3907,223,07/01/2024,1481,08/01/2024,0.845752418,Blinken says Palestinians displaced in Gaza must be able to return home,Palestinians must be able to stay in Gaza - Blinken - BBC News,1
3924,225,07/01/2024,1480,08/01/2024,0.88734144,"Hamza, son of Al Jazeera’s Wael Dahdouh, killed in Israeli attack in Gaza",Al Jazeera bureau chief's son Hamza al-Dahdouh among journalists killed in Gaza - BBC News,1
4043,238,05/01/2024,1485,06/01/2024,0.828219116,"Israel’s war on Gaza: List of key events, day 91",Israel-Gaza war: The huge challenges facing Israel's 'day after' plan - BBC News,0
4055,239,04/01/2024,1488,05/01/2024,0.765916467,Israeli defence minister outlines new phase in Gaza war,Israeli minister outlines plans for Gaza after war - BBC News,0
4163,246,03/01/2024,1495,04/01/2024,0.798702598,US-led coalition warns Houthis of ‘consequences’ after Red Sea attacks,Houthis defiant after warning over Red Sea attacks - BBC News,1
4234,250,03/01/2024,1502,02/01/2024,0.821486175,Who were the Hamas officials killed in Beirut?,Who was Hamas leader Saleh al-Arouri killed in Beirut? - BBC News,0
4303,255,03/01/2024,1491,04/01/2024,0.795456171,"Who was Saleh al-Arouri, the Hamas leader killed in Beirut?",Saleh al-Arouri: Thousands attend Hamas deputy leader's funeral in Beirut - BBC News,0
4308,255,03/01/2024,1496,03/01/2024,0.765989363,"Who was Saleh al-Arouri, the Hamas leader killed in Beirut?","Saleh al-Arouri: Hamas leader's death 'won't go unpunished', says Hezbollah chief - BBC News",0
4310,255,03/01/2024,1498,03/01/2024,0.765572309,"Who was Saleh al-Arouri, the Hamas leader killed in Beirut?",Hamas deputy leader Saleh al-Arouri's assassination sparks wider war fears - BBC News,0
4311,255,03/01/2024,1499,03/01/2024,0.871689975,"Who was Saleh al-Arouri, the Hamas leader killed in Beirut?",Hamas deputy leader Saleh al-Arouri killed in Beirut blast - BBC News,0
4314,255,03/01/2024,1502,02/01/2024,0.992473602,"Who was Saleh al-Arouri, the Hamas leader killed in Beirut?",Who was Hamas leader Saleh al-Arouri killed in Beirut? - BBC News,1
4333,257,02/01/2024,1496,03/01/2024,0.763479531,Senior Hamas official Saleh al-Arouri killed in Beirut suburb,"Saleh al-Arouri: Hamas leader's death 'won't go unpunished', says Hezbollah chief - BBC News",0
4335,257,02/01/2024,1498,03/01/2024,0.760843515,Senior Hamas official Saleh al-Arouri killed in Beirut suburb,Hamas deputy leader Saleh al-Arouri's assassination sparks wider war fears - BBC News,0
4336,257,02/01/2024,1499,03/01/2024,0.929499567,Senior Hamas official Saleh al-Arouri killed in Beirut suburb,Hamas deputy leader Saleh al-Arouri killed in Beirut blast - BBC News,1
4339,257,02/01/2024,1502,02/01/2024,0.893746912,Senior Hamas official Saleh al-Arouri killed in Beirut suburb,Who was Hamas leader Saleh al-Arouri killed in Beirut? - BBC News,0
4354,258,02/01/2024,1503,02/01/2024,0.778038085,Israel promises to fight South Africa genocide accusation at ICJ,Israel to fight South Africa's Gaza genocide claim in court - BBC News,1
4397,261,02/01/2024,1504,02/01/2024,0.799295485,Turkey arrests dozens suspected of spying for Israel,Turkey detains 34 on suspicion of spying for Israel - BBC News,1
4451,265,01/01/2024,1508,01/01/2024,0.70258379,Israel says it will pull out thousands of troops from Gaza,Israel says war in Gaza expected to continue throughout 2024 - BBC News,0
4581,282,29/12/2023,1514,29/12/2023,0.937341332,South Africa files case at ICJ accusing Israel of ‘genocidal acts’ in Gaza,South Africa files ICJ case accusing Israel of 'genocidal acts' - BBC News,1
4592,283,29/12/2023,1516,29/12/2023,0.780333042,Tens of thousands forced to flee again as Israel expands Gaza offensive,Thousands of Palestinians flee central Gaza as Israeli troops advance - BBC News,1
4632,288,29/12/2023,1511,30/12/2023,0.714720011,UN deplores aid barriers as Israel’s Gaza onslaught steps up,"Israel-Gaza war: Displaced Gazans 'living in the open', UN says - BBC News",0
4633,288,29/12/2023,1512,30/12/2023,0.70228529,UN deplores aid barriers as Israel’s Gaza onslaught steps up,Many Gazans 'living in the open' UN says - BBC News,0
4714,299,27/12/2023,1518,28/12/2023,0.727113128,Israeli strikes kill Hezbollah fighter as violence on Lebanon border grows,Israel Gaza war: Israel warns Hezbollah and Lebanon over border fighting - BBC News,0
4852,313,25/12/2023,1527,25/12/2023,0.847037196,Israeli air strike in Syria kills top Iranian military adviser,"Israeli strike in Syria kills Iranian commander, Iran says - BBC News",1
5047,329,23/12/2023,1538,22/12/2023,0.753152013,Famine by February: How bad is Gaza’s hunger crisis under Israeli attacks?,"Gaza facing famine if fighting continues, UN says - BBC News",1
5094,333,22/12/2023,1536,22/12/2023,0.744892061,UN Security Council passes resolution on increased Gaza aid delivery,"UN Security Council backs ramping up Gaza aid, but no ceasefire - BBC News",0
5098,333,22/12/2023,1540,22/12/2023,0.859253645,UN Security Council passes resolution on increased Gaza aid delivery,UN Security Council demands Gaza aid deliveries at scale - BBC News,0
5099,333,22/12/2023,1541,22/12/2023,0.769832015,UN Security Council passes resolution on increased Gaza aid delivery,Israel-Gaza war: US backs UN Security Council vote on Gaza aid boost - BBC News,1
5123,335,22/12/2023,1541,22/12/2023,0.714224994,What’s the latest UN Gaza resolution that the US has agreed to?,Israel-Gaza war: US backs UN Security Council vote on Gaza aid boost - BBC News,0
5135,336,22/12/2023,1541,22/12/2023,0.770646095,US ready to back diluted resolution on more aid to Gaza as UN vote delayed,Israel-Gaza war: US backs UN Security Council vote on Gaza aid boost - BBC News,0
5155,338,21/12/2023,1538,22/12/2023,0.78675735,"Entire Gaza population facing hunger crisis, famine risk: UN-backed report","Gaza facing famine if fighting continues, UN says - BBC News",1
5176,339,21/12/2023,1542,22/12/2023,0.71618253,"Israel’s war on Gaza deadliest in modern history for journalists, CPJ says",False claims of staged deaths surge in Israel-Gaza war - BBC News,0
5180,339,21/12/2023,1546,20/12/2023,0.77090013,"Israel’s war on Gaza deadliest in modern history for journalists, CPJ says",Israel Gaza: What Gaza's death toll says about the war - BBC News,0
5289,346,21/12/2023,1536,22/12/2023,0.701421142,"UNSC struggles with Gaza truce vote delays, Israel orders mass evacuations","UN Security Council backs ramping up Gaza aid, but no ceasefire - BBC News",0
5304,346,21/12/2023,1551,20/12/2023,0.805944204,"UNSC struggles with Gaza truce vote delays, Israel orders mass evacuations",Israel Gaza: Negotiations delay UN vote urging pause in fighting - BBC News,1
5375,352,20/12/2023,1549,20/12/2023,0.712404132,Hamas head in Cairo as momentum builds towards new Israel-Hamas truce talks,Talks on new pause in Gaza war gain urgency as Hamas chief visits Cairo - BBC News,1
5429,356,19/12/2023,1560,18/12/2023,0.712382436,‘We have a duty’: US doctor says ceasefire an ‘ethical imperative’ in Gaza,Israel-Gaza war: Man on hunger strike hospitalised calling for ceasefire - BBC News,0
5484,360,19/12/2023,1551,20/12/2023,0.710085154,UN Security Council in intense negotiations on Gaza humanitarian resolution,Israel Gaza: Negotiations delay UN vote urging pause in fighting - BBC News,1
5497,361,18/12/2023,1554,18/12/2023,0.823043108,Hamas video shows elderly Israeli captives pleading for release,Israel Gaza: Hamas releases video showing three elderly Israeli hostages - BBC News,1
5539,363,18/12/2023,1558,18/12/2023,0.760350227,Captives mistakenly killed by Israeli troops left SOS signs in Hebrew,Israel Gaza: Hostages shot by IDF put out 'SOS' sign written with leftover food - BBC News,1
5576,365,18/12/2023,1557,18/12/2023,0.793849468,President el-Sisi declared victorious in Egypt election,Egypt election: President Sisi wins third term - BBC News,1
5636,368,18/12/2023,1560,18/12/2023,0.705019355,‘Bloodbath’: Israel continues to target Gaza hospitals and civilians,Israel-Gaza war: Man on hunger strike hospitalised calling for ceasefire - BBC News,0
5650,369,17/12/2023,1555,18/12/2023,0.710924268,At least 90 killed in latest Israeli attacks on Gaza’s Jabalia refugee camp,Gaza health ministry says Israeli strikes kill 110 in Jabalia - BBC News,1
6061,386,15/12/2023,1576,16/12/2023,0.851609468,Israeli army says it mistakenly killed three captives held in Gaza,Israel hostages: IDF says it mistakenly killed three men held in Gaza - BBC News,1
6073,386,15/12/2023,1588,15/12/2023,0.835091174,Israeli army says it mistakenly killed three captives held in Gaza,Israel says it mistakenly killed three hostages in Gaza campaign - BBC News,1
6076,387,15/12/2023,1571,16/12/2023,0.827818632,Al Jazeera condemns Israeli forces killing of cameraman Samer Abudaqa,Samer Abudaqa: Al Jazeera cameraman killed in Gaza drone strike - BBC News,0
6152,391,15/12/2023,1571,16/12/2023,0.819820225,Al Jazeera journalist Samer Abudaqa killed in Israeli attack in Gaza,Samer Abudaqa: Al Jazeera cameraman killed in Gaza drone strike - BBC News,1
6210,394,15/12/2023,1572,16/12/2023,0.752412975,Shipping companies pause Red Sea journeys after Houthi attacks,More big shipping firms stop Red Sea routes after attacks - BBC News,1
6215,394,15/12/2023,1578,15/12/2023,0.846892118,Shipping companies pause Red Sea journeys after Houthi attacks,Shipping firms pause Red Sea journeys over attacks - BBC News,0
6606,414,13/12/2023,1595,13/12/2023,0.774408519,UNGA demands ceasefire in Israel’s war on Gaza: How your country voted,Israel Gaza: UN General Assembly demands immediate ceasefire - BBC News,1
6621,415,12/12/2023,1596,12/12/2023,0.864721119,Biden warns Israel risks losing support over ‘indiscriminate’ Gaza bombing,"Israel losing global support over Gaza bombing, Biden says - BBC News",1
6646,416,12/12/2023,1608,11/12/2023,0.731140673,What is the situation in Gaza’s Khan Younis as Israel intensifies attacks?,Tanks push further into Khan Younis as Israel pounds north Gaza - BBC News,0
6719,421,12/12/2023,1598,12/12/2023,0.86612159,Yemen’s Houthis claim missile attack on Norwegian ship Strinda,MK Strinda: Yemen's rebel Houthis hit Norwegian tanker with missile - BBC News,1
6998,443,09/12/2023,1610,10/12/2023,0.765838802,‘People are starving’: WFP says humanitarian operation in Gaza ‘collapsing’,"Israel-Gaza war: Half of Gaza's population is starving, warns UN - BBC News",1
7106,449,08/12/2023,1615,08/12/2023,0.741148472,US vetoes UN resolution calling for Gaza ceasefire,Bowen: US uses veto but pressure for Gaza ceasefire is building - BBC News,1
7177,452,08/12/2023,1617,08/12/2023,0.846354008,Palestinians mourn poet Refaat Alareer killed in Israeli air strike,Refaat Alareer: Palestinians mourn writer killed in air strike - BBC News,1
7490,465,07/12/2023,1623,07/12/2023,0.722416699,Israel should face war crimes probe over journalist death in Lebanon: NGOs,Issam Abdallah: Rights groups want Israel investigated over killed journalist - BBC News,1
7671,472,06/12/2023,1632,07/12/2023,0.745993137,Putin makes rare trip to Middle East to meet with UAE and Saudi leaders,Putin makes rare foreign trip to Gulf states - BBC News,1
7779,476,06/12/2023,1644,05/12/2023,0.73188895,"Israel army in most intense combat in Gaza war, no safe place to evacuate",Israel's new Gaza evacuation zones leave Palestinians few places to go - BBC News,1
7891,481,05/12/2023,1653,05/12/2023,0.823781252,Israeli army surrounds Khan Younis as southern Gaza attacks intensify,Israel says troops in 'heart of Khan Younis' after bombarding south Gaza - BBC News,1
8060,491,04/12/2023,1644,05/12/2023,0.821618497,"Israel asks Palestinians to evacuate, but is any place safe in Gaza?",Israel's new Gaza evacuation zones leave Palestinians few places to go - BBC News,1
8062,491,04/12/2023,1646,04/12/2023,0.719337165,"Israel asks Palestinians to evacuate, but is any place safe in Gaza?",Israel orders evacuations from city in south Gaza as offensive widens - BBC News,0
8112,495,04/12/2023,1644,05/12/2023,0.7674312,Israel orders evacuations as onslaught on Gaza widens,Israel's new Gaza evacuation zones leave Palestinians few places to go - BBC News,0
8114,495,04/12/2023,1646,04/12/2023,0.908111453,Israel orders evacuations as onslaught on Gaza widens,Israel orders evacuations from city in south Gaza as offensive widens - BBC News,0
8120,495,04/12/2023,1652,03/12/2023,0.70924437,Israel orders evacuations as onslaught on Gaza widens,Israeli forces pushing into south Gaza - BBC News,0
8320,511,02/12/2023,1663,01/12/2023,0.724795461,How Democrats are alienating their base by blasting a Gaza war ceasefire,Why has the Gaza ceasefire come to an end? - BBC News,0
8421,516,01/12/2023,1663,01/12/2023,0.755472243,The Israel-Hamas truce has ended: What we know so far,Why has the Gaza ceasefire come to an end? - BBC News,1
8431,516,01/12/2023,1673,30/11/2023,0.769339383,The Israel-Hamas truce has ended: What we know so far,Israel-Hamas truce in Gaza extended as more hostages freed - BBC News,0
8453,517,01/12/2023,1673,30/11/2023,0.709368765,Mediators push to renew truce as Israel-Hamas war resumes in Gaza,Israel-Hamas truce in Gaza extended as more hostages freed - BBC News,0
8504,520,01/12/2023,1658,01/12/2023,0.722945273,"Analysis: Why Israel’s military wanted to end the Gaza truce, and what now?",Gaza's fear and anger as ceasefire ends and fighting erupts - BBC News,0
8509,520,01/12/2023,1663,01/12/2023,0.819056869,"Analysis: Why Israel’s military wanted to end the Gaza truce, and what now?",Why has the Gaza ceasefire come to an end? - BBC News,1
8519,520,01/12/2023,1673,30/11/2023,0.715322614,"Analysis: Why Israel’s military wanted to end the Gaza truce, and what now?",Israel-Hamas truce in Gaza extended as more hostages freed - BBC News,0
8547,522,30/11/2023,1660,01/12/2023,0.756118953,Blinken urges Israel to protect civilians amid tough Gaza truce talks,Blinken steps up call for Israel to spare civilians in strongest remarks yet - BBC News,1
8662,527,30/11/2023,1666,30/11/2023,0.85618937,"Three killed, several injured in shooting at Jerusalem bus stop",Three Israelis killed by Palestinian gunmen at Jerusalem bus stop - BBC News,1
8749,531,29/11/2023,1673,30/11/2023,0.712383628,Analysis: Why extending the Israel-Hamas truce won’t be easy,Israel-Hamas truce in Gaza extended as more hostages freed - BBC News,0
8791,533,29/11/2023,1671,30/11/2023,0.706395566,Freed Israeli hostages tell families of ordeal in Gaza captivity,Bedouin family desperate for news on teenagers held hostage in Gaza - BBC News,0
8793,533,29/11/2023,1673,30/11/2023,0.725751877,Freed Israeli hostages tell families of ordeal in Gaza captivity,Israel-Hamas truce in Gaza extended as more hostages freed - BBC News,0
8797,533,29/11/2023,1678,30/11/2023,0.80512929,Freed Israeli hostages tell families of ordeal in Gaza captivity,Eight Israeli hostages freed by Hamas in Gaza - BBC News,0
8806,533,29/11/2023,1687,28/11/2023,0.717471719,Freed Israeli hostages tell families of ordeal in Gaza captivity,Israel Gaza: Three-year-old-twins among hostages released by Hamas - BBC News,0
8807,533,29/11/2023,1698,28/11/2023,0.707329869,Freed Israeli hostages tell families of ordeal in Gaza captivity,Israel says 12 more hostages released by Hamas have left Gaza - BBC News,0
8816,534,29/11/2023,1675,29/11/2023,0.859958708,Israeli forces kill two Palestinian children in occupied West Bank raid,Two Palestinian boys killed during Israeli raid in West Bank - BBC News,1
8947,540,29/11/2023,1673,30/11/2023,0.725853324,Israel-Hamas truce: How much aid has entered Gaza?,Israel-Hamas truce in Gaza extended as more hostages freed - BBC News,0
9018,543,28/11/2023,1686,28/11/2023,0.726015806,Hamas releases 12 more captives as truce with Israel holds for fifth day,Israel Gaza: 33 Palestinians released on fourth day of truce - BBC News,0
9030,543,28/11/2023,1698,28/11/2023,0.766728222,Hamas releases 12 more captives as truce with Israel holds for fifth day,Israel says 12 more hostages released by Hamas have left Gaza - BBC News,1
9066,545,28/11/2023,1686,28/11/2023,0.753130436,Israel arrests almost as many Palestinians as it has released during truce,Israel Gaza: 33 Palestinians released on fourth day of truce - BBC News,0
9110,547,28/11/2023,1682,28/11/2023,0.896717668,"Disease could kill more in Gaza than bombs, WHO says amid Israeli siege","Untreated diseases could kill more than bombings in Gaza, WHO warns - BBC News",1
9141,548,28/11/2023,1689,27/11/2023,0.78341651,What do we know about the Israel-Hamas truce extension?,"Israel-Hamas truce in Gaza extended for two days, Qatar says - BBC News",0
9162,549,28/11/2023,1686,28/11/2023,0.705541968,Gaza truce appears set to extend as Israel receives new list of captives,Israel Gaza: 33 Palestinians released on fourth day of truce - BBC News,0
9165,549,28/11/2023,1689,27/11/2023,0.701327562,Gaza truce appears set to extend as Israel receives new list of captives,"Israel-Hamas truce in Gaza extended for two days, Qatar says - BBC News",1
9220,551,27/11/2023,1698,28/11/2023,0.824242353,"Hamas releases 11 more captives from Gaza, Israeli army says",Israel says 12 more hostages released by Hamas have left Gaza - BBC News,0
9227,551,27/11/2023,1708,26/11/2023,0.799169838,"Hamas releases 11 more captives from Gaza, Israeli army says",Israel releases 39 Palestinian prisoners after Hamas hands over 17 hostages - BBC News,0
9237,552,27/11/2023,1689,27/11/2023,0.934981942,"Israel and Hamas agree to extend truce by two days, Qatar says","Israel-Hamas truce in Gaza extended for two days, Qatar says - BBC News",1
9372,557,27/11/2023,1694,27/11/2023,0.733837843,US Navy thwarts seizure of Israel-linked cargo ship,US Navy seizes attackers who held Israel-linked tanker - BBC News,1
9514,563,26/11/2023,1701,26/11/2023,0.722110271,Israeli forces carry out deadly raids in the West Bank amid Gaza truce,West Bank: Eight Palestinians killed during Israeli raid - BBC News,1
9528,564,25/11/2023,1703,26/11/2023,0.761201024,"Hamas releases 13 Israeli, four Thai captives after hours-long delay",More hostages released by Hamas despite agonising delay - BBC News,0
9533,564,25/11/2023,1708,26/11/2023,0.758108497,"Hamas releases 13 Israeli, four Thai captives after hours-long delay",Israel releases 39 Palestinian prisoners after Hamas hands over 17 hostages - BBC News,0
9605,569,25/11/2023,1705,25/11/2023,0.780554771,‘Nothing standing’: Palestinians return to find Gaza homes destroyed,Gaza truce: Palestinians search for loved ones and check damaged homes - BBC News,1
9696,575,24/11/2023,1712,24/11/2023,0.732051611,Israel releases Palestinian women and children prisoners under Hamas deal,Israel releases 39 Palestinian prisoners from Israeli prisons - BBC News,0
9747,578,24/11/2023,1712,24/11/2023,0.774825931,Who are the Palestinian prisoners Israel released on Friday?,Israel releases 39 Palestinian prisoners from Israeli prisons - BBC News,1
9785,580,24/11/2023,1716,23/11/2023,0.730418563,Hamas releases 24 captives amid Israel truce: Here’s what’s to know,What we know about Israel-Hamas Gaza deal on hostages - BBC News,1
9860,585,24/11/2023,1705,25/11/2023,0.702397704,‘Relief’ in war-torn Gaza as truce takes effect in Israel-Hamas war,Gaza truce: Palestinians search for loved ones and check damaged homes - BBC News,0
10044,598,23/11/2023,1719,23/11/2023,0.879750609,"Israeli army arrests al-Shifa Hospital director, other doctors in Gaza",Israeli forces detain director of Gaza's al-Shifa Hospital - BBC News,1
10144,605,22/11/2023,1723,22/11/2023,0.731664121,Behind the scenes: How the Israel-Hamas truce deal came together,How the Israel-Hamas hostage deal came together - BBC News,1
10258,613,22/11/2023,1716,23/11/2023,0.707735777,Israel-Hamas truce deal: All that you need to know,What we know about Israel-Hamas Gaza deal on hostages - BBC News,1
10363,621,21/11/2023,1725,21/11/2023,0.878632188,Israeli strike kills three journalists near Lebanon border,Lebanon PM says Israeli strikes killed journalists - BBC News,1
10373,622,21/11/2023,1723,22/11/2023,0.73315376,"Hamas, Israel leaders suggest deal is ‘close’ on captives, Gaza truce",How the Israel-Hamas hostage deal came together - BBC News,0
10433,626,20/11/2023,1737,19/11/2023,0.794902682,Group of 28 premature Gaza babies evacuated to Egypt amid Israeli attacks,Gaza war: Premature babies evacuated from al-Shifa hospital - BBC News,1
10474,629,20/11/2023,1730,20/11/2023,0.761220574,Israel targets Gaza’s Indonesian Hospital: Here is what’s to know,Israeli tanks surround north Gaza's Indonesian Hospital - BBC News,0
10554,634,20/11/2023,1730,20/11/2023,0.911189497,Israeli tanks besiege Gaza’s Indonesian Hospital,Israeli tanks surround north Gaza's Indonesian Hospital - BBC News,1
10572,635,20/11/2023,1732,20/11/2023,0.71972841,Japan seeking talks with Houthi hijackers of Red Sea Israeli-linked ship,Japan condemns Yemen's Houthi rebels hijack of cargo ship in Red Sea - BBC News,0
10681,642,19/11/2023,1732,20/11/2023,0.820708394,Yemen’s Houthi rebels seize cargo ship in Red Sea,Japan condemns Yemen's Houthi rebels hijack of cargo ship in Red Sea - BBC News,0
10685,642,19/11/2023,1736,19/11/2023,0.924693286,Yemen’s Houthi rebels seize cargo ship in Red Sea,Yemen's Houthi rebels hijack cargo ship in Red Sea - BBC News,1
10720,644,19/11/2023,1737,19/11/2023,0.90860188,Babies evacuated from al-Shifa Hospital to southern Gaza amid Israel war,Gaza war: Premature babies evacuated from al-Shifa hospital - BBC News,1
10917,655,18/11/2023,1745,18/11/2023,0.907383978,Israel agrees to allow ‘minimal’ two trucks of fuel a day into Gaza,Israel says it will allow two trucks of fuel a day into Gaza - BBC News,1
11120,666,17/11/2023,1749,17/11/2023,0.875792503,Israel ‘not successful’ in minimising Gaza civilian casualties: Netanyahu,Netanyahu says Israel 'not successful' at minimising Gaza casualties but blames Hamas - BBC News,1
11191,669,16/11/2023,1787,15/11/2023,0.724001408,"Israel-Gaza: Indonesian Hospital ‘out of service’, inundated with wounded",Israeli soldiers inside Gaza's biggest hospital - BBC News,0
11291,674,16/11/2023,1754,16/11/2023,0.779600978,Telecommunications cut off in Gaza after fuel runs out amid Israeli siege,Gaza faces communications blackout due to lack of fuel - BBC News,1
11411,679,16/11/2023,1759,15/11/2023,0.732022405,"Escape from al-Shifa: How a Gaza medic dodged Israeli patrols, snipers",Al-Shifa: What we know about Israel's raid on Gaza's main hospital - BBC News,0
11434,680,16/11/2023,1759,15/11/2023,0.719804883,Middle East Roundup: Is Shifa Hospital really a Hamas ops hub?,Al-Shifa: What we know about Israel's raid on Gaza's main hospital - BBC News,1
11501,683,16/11/2023,1757,16/11/2023,0.704974771,What has Israel ‘found’ in Gaza’s al-Shifa Hospital?,BBC goes inside Al-Shifa hospital with the Israeli army - BBC News,1
11503,683,16/11/2023,1759,15/11/2023,0.869662583,What has Israel ‘found’ in Gaza’s al-Shifa Hospital?,Al-Shifa: What we know about Israel's raid on Gaza's main hospital - BBC News,0
11513,683,16/11/2023,1787,15/11/2023,0.75716871,What has Israel ‘found’ in Gaza’s al-Shifa Hospital?,Israeli soldiers inside Gaza's biggest hospital - BBC News,0
11547,685,16/11/2023,1757,16/11/2023,0.705339611,Israel raids Gaza’s al-Shifa Hospital for second day,BBC goes inside Al-Shifa hospital with the Israeli army - BBC News,0
11549,685,16/11/2023,1759,15/11/2023,0.872320056,Israel raids Gaza’s al-Shifa Hospital for second day,Al-Shifa: What we know about Israel's raid on Gaza's main hospital - BBC News,0
11559,685,16/11/2023,1787,15/11/2023,0.760786176,Israel raids Gaza’s al-Shifa Hospital for second day,Israeli soldiers inside Gaza's biggest hospital - BBC News,0
11560,686,16/11/2023,1746,17/11/2023,0.722598314,Biden to Netanyahu: ‘Occupying’ Gaza would be a ‘big mistake’,Biden facing growing internal dissent over Israel's Gaza campaign - BBC News,0
11610,688,15/11/2023,1754,16/11/2023,0.800217271,Gaza telecom companies warn of coming blackout amid Israeli attacks,Gaza faces communications blackout due to lack of fuel - BBC News,1
11663,690,15/11/2023,1757,16/11/2023,0.729393899,Why is Gaza’s al-Shifa Hospital so important for the Israeli army?,BBC goes inside Al-Shifa hospital with the Israeli army - BBC News,0
11665,690,15/11/2023,1759,15/11/2023,0.827685535,Why is Gaza’s al-Shifa Hospital so important for the Israeli army?,Al-Shifa: What we know about Israel's raid on Gaza's main hospital - BBC News,0
11675,690,15/11/2023,1770,14/11/2023,0.797635198,Why is Gaza’s al-Shifa Hospital so important for the Israeli army?,Israel-Gaza war: US says Hamas has command centre under Al-Shifa hospital - BBC News,0
11682,690,15/11/2023,1787,15/11/2023,0.75219965,Why is Gaza’s al-Shifa Hospital so important for the Israeli army?,Israeli soldiers inside Gaza's biggest hospital - BBC News,0
11688,691,15/11/2023,1757,16/11/2023,0.718346119,‘Hospitals are not battlegrounds’: World reacts to Israel’s al-Shifa raid,BBC goes inside Al-Shifa hospital with the Israeli army - BBC News,0
11690,691,15/11/2023,1759,15/11/2023,0.825694323,‘Hospitals are not battlegrounds’: World reacts to Israel’s al-Shifa raid,Al-Shifa: What we know about Israel's raid on Gaza's main hospital - BBC News,0
11694,691,15/11/2023,1763,15/11/2023,0.798691034,‘Hospitals are not battlegrounds’: World reacts to Israel’s al-Shifa raid,Bowen: Al-Shifa Hospital raid comes as tone shifts on Israel - BBC News,0
11743,693,15/11/2023,1762,15/11/2023,0.827227414,First fuel truck since start of Israel-Hamas war enters Gaza,First fuel tanker enters Gaza from Egypt since start of war - BBC News,1
11765,694,15/11/2023,1759,15/11/2023,0.919666588,‘Terror’ amid Israel’s raid on Gaza’s al-Shifa Hospital,Al-Shifa: What we know about Israel's raid on Gaza's main hospital - BBC News,0
11769,694,15/11/2023,1763,15/11/2023,0.726417184,‘Terror’ amid Israel’s raid on Gaza’s al-Shifa Hospital,Bowen: Al-Shifa Hospital raid comes as tone shifts on Israel - BBC News,0
11775,694,15/11/2023,1770,14/11/2023,0.741490006,‘Terror’ amid Israel’s raid on Gaza’s al-Shifa Hospital,Israel-Gaza war: US says Hamas has command centre under Al-Shifa hospital - BBC News,0
11813,696,15/11/2023,1757,16/11/2023,0.707634926,Israel’s raid on Gaza’s al-Shifa Hospital: Here’s what you need to know,BBC goes inside Al-Shifa hospital with the Israeli army - BBC News,0
11815,696,15/11/2023,1759,15/11/2023,0.967827857,Israel’s raid on Gaza’s al-Shifa Hospital: Here’s what you need to know,Al-Shifa: What we know about Israel's raid on Gaza's main hospital - BBC News,1
11819,696,15/11/2023,1763,15/11/2023,0.768452764,Israel’s raid on Gaza’s al-Shifa Hospital: Here’s what you need to know,Bowen: Al-Shifa Hospital raid comes as tone shifts on Israel - BBC News,0
11825,696,15/11/2023,1770,14/11/2023,0.753546715,Israel’s raid on Gaza’s al-Shifa Hospital: Here’s what you need to know,Israel-Gaza war: US says Hamas has command centre under Al-Shifa hospital - BBC News,0
11832,696,15/11/2023,1787,15/11/2023,0.711998701,Israel’s raid on Gaza’s al-Shifa Hospital: Here’s what you need to know,Israeli soldiers inside Gaza's biggest hospital - BBC News,0
11865,698,15/11/2023,1759,15/11/2023,0.703179359,Analysis: Israel’s ‘war on hospitals’ vs Hamas military exaggerations,Al-Shifa: What we know about Israel's raid on Gaza's main hospital - BBC News,0
11890,699,15/11/2023,1759,15/11/2023,0.842680335,Thousands trapped as Israeli forces raid Gaza’s al-Shifa Hospital,Al-Shifa: What we know about Israel's raid on Gaza's main hospital - BBC News,0
11900,699,15/11/2023,1770,14/11/2023,0.717899501,Thousands trapped as Israeli forces raid Gaza’s al-Shifa Hospital,Israel-Gaza war: US says Hamas has command centre under Al-Shifa hospital - BBC News,0
11907,699,15/11/2023,1787,15/11/2023,0.733937919,Thousands trapped as Israeli forces raid Gaza’s al-Shifa Hospital,Israeli soldiers inside Gaza's biggest hospital - BBC News,0
12036,705,14/11/2023,1759,15/11/2023,0.750320554,Gaza’s al-Shifa Hospital forced to bury dead patients in ‘mass grave’,Al-Shifa: What we know about Israel's raid on Gaza's main hospital - BBC News,0
12053,705,14/11/2023,1777,13/11/2023,0.924760103,Gaza’s al-Shifa Hospital forced to bury dead patients in ‘mass grave’,Al-Shifa: WHO says Gaza hospital unable to bury dead bodies - BBC News,1
12232,712,14/11/2023,1759,15/11/2023,0.713016093,Israel’s attacks on hospitals ‘should be investigated as war crimes’: HRW,Al-Shifa: What we know about Israel's raid on Gaza's main hospital - BBC News,0
12405,719,13/11/2023,1770,14/11/2023,0.702695847,‘Patients are dying’: What we know about Gaza hospitals under Israeli siege,Israel-Gaza war: US says Hamas has command centre under Al-Shifa hospital - BBC News,0
12412,719,13/11/2023,1777,13/11/2023,0.715321541,‘Patients are dying’: What we know about Gaza hospitals under Israeli siege,Al-Shifa: WHO says Gaza hospital unable to bury dead bodies - BBC News,0
12423,719,13/11/2023,1789,12/11/2023,0.724832952,‘Patients are dying’: What we know about Gaza hospitals under Israeli siege,Gaza hospital crippled as fighting rages nearby - BBC News,0
12445,721,13/11/2023,1770,14/11/2023,0.778875172,Death and disease as Israeli troops approach Gaza’s al-Shifa Hospital,Israel-Gaza war: US says Hamas has command centre under Al-Shifa hospital - BBC News,0
12452,721,13/11/2023,1777,13/11/2023,0.815244794,Death and disease as Israeli troops approach Gaza’s al-Shifa Hospital,Al-Shifa: WHO says Gaza hospital unable to bury dead bodies - BBC News,0
12459,721,13/11/2023,1784,13/11/2023,0.738882184,Death and disease as Israeli troops approach Gaza’s al-Shifa Hospital,Israel's president denies it is striking Gaza's Al-Shifa hospital - BBC News,0
12574,727,13/11/2023,1779,13/11/2023,0.737983823,US carries out two more strikes on Iran-backed groups in Syria,US airstrikes target more Iran-backed bases in Syria - BBC News,1
12605,729,13/11/2023,1770,14/11/2023,0.713897347,Gaza’s two biggest hospitals cease operations as WHO warns of rising deaths,Israel-Gaza war: US says Hamas has command centre under Al-Shifa hospital - BBC News,0
12636,730,12/11/2023,1790,11/11/2023,0.7354092,Gaza’s al-Quds Hospital ceases operations amid Israeli attacks,World Health Organisation says Gaza's main hospital no longer functioning - BBC News,1
12639,730,12/11/2023,1793,11/11/2023,0.70951432,Gaza’s al-Quds Hospital ceases operations amid Israeli attacks,Israeli forces surround north Gaza hospitals - BBC News,0
12719,735,12/11/2023,1793,11/11/2023,0.704633951,How are Gaza casualty updates affected by Israeli attacks on hospitals?,Israeli forces surround north Gaza hospitals - BBC News,0
12764,738,12/11/2023,1790,11/11/2023,0.712032795,Indonesian staff at Gaza hospital ‘resigned to fate’ as Israelis close in,World Health Organisation says Gaza's main hospital no longer functioning - BBC News,0
12837,743,11/11/2023,1814,10/11/2023,0.788560629,‘We are minutes away from death’: Gaza’s al-Shifa Hospital under attack,"Israel-Gaza live news: Firing outside Gaza hospitals, with patients and staff trapped inside - BBC News",0
12883,747,11/11/2023,1791,11/11/2023,0.786092341,France’s Macron urges Israel to stop bombing and killing civilians in Gaza,Macron condemns rising antisemitism and Israeli bombing of civilians - BBC News,1
13033,754,10/11/2023,1790,11/11/2023,0.71483463,Health centres in north Gaza under siege in ‘day of war against hospitals’,World Health Organisation says Gaza's main hospital no longer functioning - BBC News,0
13036,754,10/11/2023,1793,11/11/2023,0.777534246,Health centres in north Gaza under siege in ‘day of war against hospitals’,Israeli forces surround north Gaza hospitals - BBC News,0
13057,754,10/11/2023,1814,10/11/2023,0.782711208,Health centres in north Gaza under siege in ‘day of war against hospitals’,"Israel-Gaza live news: Firing outside Gaza hospitals, with patients and staff trapped inside - BBC News",0
13083,756,10/11/2023,1790,11/11/2023,0.73157239,Which of Gaza’s hospitals is Israel threatening?,World Health Organisation says Gaza's main hospital no longer functioning - BBC News,0
13086,756,10/11/2023,1793,11/11/2023,0.791084468,Which of Gaza’s hospitals is Israel threatening?,Israeli forces surround north Gaza hospitals - BBC News,0
13107,756,10/11/2023,1814,10/11/2023,0.825832069,Which of Gaza’s hospitals is Israel threatening?,"Israel-Gaza live news: Firing outside Gaza hospitals, with patients and staff trapped inside - BBC News",0
13233,762,10/11/2023,1790,11/11/2023,0.792479396,"Israel strikes Gaza’s biggest hospital complex, health officials say",World Health Organisation says Gaza's main hospital no longer functioning - BBC News,0
13236,762,10/11/2023,1793,11/11/2023,0.726881981,"Israel strikes Gaza’s biggest hospital complex, health officials say",Israeli forces surround north Gaza hospitals - BBC News,0
13257,762,10/11/2023,1814,10/11/2023,0.769780338,"Israel strikes Gaza’s biggest hospital complex, health officials say","Israel-Gaza live news: Firing outside Gaza hospitals, with patients and staff trapped inside - BBC News",1
13290,764,09/11/2023,1794,10/11/2023,0.753585219,News outlets reject allegations of complicity in Hamas attack inside Israel,News outlets deny Israeli claim that freelance journalists knew of Hamas attack - BBC News,1
13361,766,09/11/2023,1801,09/11/2023,0.92044884,"Israel to begin daily four-hour ‘pauses’ in fighting in north Gaza, US says",US says Israel to begin daily four-hour military pauses in Gaza - BBC News,1
13394,767,09/11/2023,1802,09/11/2023,0.790878415,Deadly assault on Jenin refugee camp as Israel raids on West Bank intensify,Jenin raid: 14 Palestinians killed in clashes in West Bank city - BBC News,1
13921,783,08/11/2023,1809,09/11/2023,0.726405859,Thousands flee northern Gaza in ‘desperate journey’ during Israel war,Israel-Gaza war: Dead bodies and tanks on road south as people flee - BBC News,0
13947,783,08/11/2023,1836,08/11/2023,0.854961395,Thousands flee northern Gaza in ‘desperate journey’ during Israel war,Thousands more flee northern Gaza as Israeli forces push on Gaza City - BBC News,1
14213,791,08/11/2023,1822,08/11/2023,0.772846162,US House votes to censure Rashida Tlaib over Israel-Hamas war comments,Rashida Tlaib censured over Israel-Gaza comments - BBC News,1
14232,792,07/11/2023,1819,08/11/2023,0.824282229,US says does not support Israeli ‘reoccupation’ of Gaza after war,US warns Israel against reoccupying Gaza after war - BBC News,1
14620,803,07/11/2023,1833,07/11/2023,0.89547503,Netanyahu says Israel to manage Gaza’s security indefinitely after the war,Netanyahu says Israel will have security control over Gaza after war - BBC News,1
15032,816,06/11/2023,1847,06/11/2023,0.847874403,Israel arrests Palestinian activist Ahed Tamimi in occupied West Bank raids,Ahed Tamimi: Israeli forces arrest Palestinian activist in West Bank - BBC News,1
15372,828,05/11/2023,1856,04/11/2023,0.719173551,"Israel-Hamas war: Abbas meets Blinken, joins Arab leaders’ ceasefire call","Israel-Gaza war: Ceasefire would allow Hamas to regroup, says Blinken - BBC News",0
15377,828,05/11/2023,1861,04/11/2023,0.728856862,"Israel-Hamas war: Abbas meets Blinken, joins Arab leaders’ ceasefire call",Israel rebuffs Blinken's call for Gaza humanitarian pause - BBC News,0
15491,833,04/11/2023,1856,04/11/2023,0.700270772,Blinken reaffirms US support for ‘humanitarian pauses’ in Gaza,"Israel-Gaza war: Ceasefire would allow Hamas to regroup, says Blinken - BBC News",0
15496,833,04/11/2023,1861,04/11/2023,0.906738937,Blinken reaffirms US support for ‘humanitarian pauses’ in Gaza,Israel rebuffs Blinken's call for Gaza humanitarian pause - BBC News,0
15534,834,04/11/2023,1872,03/11/2023,0.768479049,‘Extremely challenging’: Israel’s Gaza ground assault faces stumbles,Bowen: Five new realities after four weeks of Israel-Gaza war - BBC News,0
15712,841,04/11/2023,1861,04/11/2023,0.86552453,What’s behind Antony Blinken’s call for ‘humanitarian pauses’ in Gaza?,Israel rebuffs Blinken's call for Gaza humanitarian pause - BBC News,0
15762,843,03/11/2023,1862,03/11/2023,0.749074638,Relief in Lebanon as Hezbollah’s Nasrallah holds off on wider Israel war,Hezbollah steps back from all-out war on Israel over Gaza - for now - BBC News,1
15769,843,03/11/2023,1869,03/11/2023,0.731517375,Relief in Lebanon as Hezbollah’s Nasrallah holds off on wider Israel war,What is Hezbollah in Lebanon and will it go to war with Israel? - BBC News,0
15799,844,03/11/2023,1870,03/11/2023,0.829338312,Hezbollah’s Hassan Nasrallah speech on Israel-Hamas war: Key takeaways,Hezbollah chief Hassan Nasrallah makes first speech on Israel-Gaza war - BBC News,1
15830,845,03/11/2023,1872,03/11/2023,0.724671662,"Analysis: Israel’s Gaza bombing campaign is proving costly, for Israel",Bowen: Five new realities after four weeks of Israel-Gaza war - BBC News,0
15855,846,03/11/2023,1868,03/11/2023,0.701454043,"‘Arrested, tortured and insulted’, say workers returned to Gaza by Israel",Palestinian workers return to Gaza after expulsion from Israel - BBC News,1
15903,848,03/11/2023,1858,04/11/2023,0.787945032,"Israeli air strike on ambulances kills 15, injures 60, Gaza officials say",Red Crescent says 15 killed in strike on Gaza ambulance outside Al-Shifa hospital - BBC News,1
15944,849,03/11/2023,1870,03/11/2023,0.723488808,‘All scenarios open’: Hezbollah chief in first speech since Israel-Gaza war,Hezbollah chief Hassan Nasrallah makes first speech on Israel-Gaza war - BBC News,1
16248,859,03/11/2023,1893,02/11/2023,0.715855479,"Israel’s military says Gaza City surrounded, rejects ceasefire calls",Israeli military says its troops have completed encirclement of Gaza City - BBC News,1
16533,868,02/11/2023,1891,01/11/2023,0.747786462,Israel’s army meets fierce resistance ‘at the gates of Gaza City’,"Israel-Gaza war: 'Dialogue is not easy, but we can't shut the door' - BBC News",0
16650,872,02/11/2023,1880,02/11/2023,0.858445287,Biden calls for ‘pause’ in Israel’s war in Gaza for the first time,US President Joe Biden calls for 'pause' in Israel-Gaza conflict - BBC News,1
16661,872,02/11/2023,1891,01/11/2023,0.71378088,Biden calls for ‘pause’ in Israel’s war in Gaza for the first time,"Israel-Gaza war: 'Dialogue is not easy, but we can't shut the door' - BBC News",0
16960,881,01/11/2023,1885,01/11/2023,0.723072648,"Israel-Hamas war: With the Rafah border crossing open, who’s exiting Gaza?",Rafah crossing: First Britons leave Gaza but others face nervous wait - BBC News,0
16963,881,01/11/2023,1888,01/11/2023,0.73787868,"Israel-Hamas war: With the Rafah border crossing open, who’s exiting Gaza?",What is the Rafah crossing and why is it Gaza's lifeline? - BBC News,0
17082,884,01/11/2023,1896,31/10/2023,0.734037757,Israel’s deadly attack on the Jabalia refugee camp: What we know so far,Jabalia: Israel air strike reportedly kills dozens at Gaza refugee camp - BBC News,0
17291,890,01/11/2023,1883,02/11/2023,0.732831717,Rafah crossing linking war-torn Gaza to Egypt opens,Egypt opens Gaza border crossing to evacuate injured and foreign nationals - BBC News,0
17296,890,01/11/2023,1888,01/11/2023,0.757798314,Rafah crossing linking war-torn Gaza to Egypt opens,What is the Rafah crossing and why is it Gaza's lifeline? - BBC News,0
17578,898,31/10/2023,1896,31/10/2023,0.914146483,Dozens killed in Israeli air attack on Jabalia refugee camp: Gaza official,Jabalia: Israel air strike reportedly kills dozens at Gaza refugee camp - BBC News,0
17602,898,31/10/2023,1920,31/10/2023,0.818375468,Dozens killed in Israeli air attack on Jabalia refugee camp: Gaza official,Dozens reported killed in Gaza refugee camp blast - BBC News,1
17829,905,30/10/2023,1911,31/10/2023,0.724454403,Bernie Sanders’s failure to back Israel-Gaza ceasefire upsets US followers,Israel Gaza: US rejects calls for ceasefire - BBC News,0
17984,910,30/10/2023,1916,30/10/2023,0.778105855,Hamas releases video of three Gaza hostages addressing Netanyahu,Israel's Netanyahu condemns 'cruel' Hamas video of Israeli hostages - BBC News,0
18076,913,30/10/2023,1918,30/10/2023,0.839599311,"Israel says German-Israeli woman Shani Louk, taken by Hamas, is dead","Shani Louk: Woman missing after Hamas attack is dead, says mother - BBC News",1
18255,919,30/10/2023,1917,30/10/2023,0.71242094,Russia’s Dagestan airport closed after anti-Israel protests: What to know,Dagestan: Mob storms Russian airport in search of Jews - BBC News,1
18313,921,30/10/2023,1915,30/10/2023,0.739545345,Heavy clashes as Israeli tanks briefly reach Gaza City outskirts,Tank seen on key Gaza road as Israeli forces push deeper into north - BBC News,1
18558,931,29/10/2023,1926,28/10/2023,0.737334371,Joy and horror as communications come back on in the Gaza Strip,The messages of fear that trickled out while Gaza was disconnected - BBC News,1
18619,934,29/10/2023,1921,29/10/2023,0.744338274,"Palestinians break into Gaza UN aid warehouses as toll tops 8,000",UN: Thousands in Gaza break into warehouses in search of aid - BBC News,1
18724,939,28/10/2023,1926,28/10/2023,0.77486366,‘I am scared’: Bombing of Gaza sparks fears in southern Israel,The messages of fear that trickled out while Gaza was disconnected - BBC News,0
18824,944,28/10/2023,1926,28/10/2023,0.713265121,Gaza’s communications blackout raises concerns of Israeli war crimes,The messages of fear that trickled out while Gaza was disconnected - BBC News,0
18831,944,28/10/2023,1933,28/10/2023,0.750409603,Gaza’s communications blackout raises concerns of Israeli war crimes,People in Gaza uncontactable and all communication down as Israel intensifies bombing - BBC News,0
18851,945,28/10/2023,1933,28/10/2023,0.708997965,Israel’s war on Gaza in 10 explainers,People in Gaza uncontactable and all communication down as Israel intensifies bombing - BBC News,0
18889,947,27/10/2023,1935,27/10/2023,0.727832496,UNGA calls for humanitarian truce in Israel-Gaza war: How countries voted,Israel angrily dismisses UN truce resolution on Gaza - BBC News,0
18992,951,27/10/2023,1933,28/10/2023,0.717966855,Israel intensifies Gaza bombardment as internet and phone services go down,People in Gaza uncontactable and all communication down as Israel intensifies bombing - BBC News,1
19188,958,27/10/2023,1948,26/10/2023,0.709906816,Israel conducts second ground raid into northern Gaza with air support,'Reconnaissance by fire' - What Israel's Gaza raid tells us - BBC News,0
19406,967,26/10/2023,1936,27/10/2023,0.70527792,Analysis: What does Israel’s Gaza incursion propaganda video reveal?,Gaza before and after: Satellite images show destruction - BBC News,0
19446,968,26/10/2023,1947,26/10/2023,0.772566199,Arab world condemns Al Jazeera journalist’s family killing in Israeli raid,Wael Al-Dahdouh: Al Jazeera reporter's family killed in Gaza strike - BBC News,0
19482,969,26/10/2023,1954,25/10/2023,0.709446073,"Middle East Roundup: In Gaza, mourning is a luxury",Humanity blasted and broken: Gaza through a medic's eyes - BBC News,0
19712,977,25/10/2023,1947,26/10/2023,0.847479701,Al Jazeera condemns Israeli killing of journalist Wael Al-Dahdouh’s family,Wael Al-Dahdouh: Al Jazeera reporter's family killed in Gaza strike - BBC News,0
19780,979,25/10/2023,1947,26/10/2023,0.775020719,Family of Al Jazeera Gaza bureau chief killed in Israeli air raid,Wael Al-Dahdouh: Al Jazeera reporter's family killed in Gaza strike - BBC News,1
19979,985,25/10/2023,1942,26/10/2023,0.740056098,Gaza needed billions in aid before Israel-Hamas war: UN,UN agencies reduce Gaza aid operations as fuel runs out - BBC News,0
20262,993,25/10/2023,1954,25/10/2023,0.714060426,Child casualties in Gaza a ‘stain on our conscience’: UNICEF,Humanity blasted and broken: Gaza through a medic's eyes - BBC News,0
20364,996,24/10/2023,1964,24/10/2023,0.704690337,UN chief says ‘clear violations of international humanitarian law’ in Gaza,Scottish Labour leader Sarwar says Israel 'breaking international law' in Gaza - BBC News,0
20397,997,24/10/2023,1963,24/10/2023,0.812328577,"More than 700 killed in overnight Israeli attacks, Gaza officials say",Gaza strikes: Hamas-run health ministry says 700 killed in 24 hours - BBC News,1
20628,1004,24/10/2023,1956,25/10/2023,0.73809433,Gaza hospital generators to run out of fuel in 48 hours: Health Ministry,Gaza's hospitals treating emergency cases only as fuel runs low - BBC News,1
20801,1009,23/10/2023,1971,24/10/2023,0.705617666,Hamas releases two women held hostage after Egyptian-Qatari diplomacy,Two more hostages held in Gaza released - BBC News,0
21689,1041,20/10/2023,1997,21/10/2023,0.713870466,Hamas releases two American hostages from Gaza after Qatari mediation,The forgotten Israeli hostages kept by Hamas in Gaza for years - BBC News,0
21774,1044,20/10/2023,1992,21/10/2023,0.781510532,UN chief calls on Israel to open aid ‘lifeline’ for Gaza,Israel-Gaza war: UN agencies call for Gaza ceasefire as aid arrives - BBC News,0
21858,1046,20/10/2023,2016,19/10/2023,0.750401258,Investigations reveal discrepancies in Israel’s Gaza hospital attack claims,"Gaza hospital: What video, pictures and other evidence tell us about Al-Ahli hospital blast - BBC News",0
22102,1054,20/10/2023,2020,19/10/2023,0.733272374,Biden’s Israel trip displays ‘performative’ approach to Gaza war: analysts,Israel Gaza: Biden clinches deal with Egypt to allow aid - BBC News,0
22142,1056,19/10/2023,2010,20/10/2023,0.747396231,"US, UK, Germany tell citizens to leave Lebanon as regional tensions rise",Residents leave as tension grows at Israel-Lebanon border - BBC News,1
22207,1058,19/10/2023,2018,19/10/2023,0.703140855,WHO says aid ‘ready to go’ into Gaza as Israeli bombardment continues,Aid delivery waits to enter Gaza from Egypt at Rafah crossing - BBC News,0
22292,1061,19/10/2023,2016,19/10/2023,0.918733656,Video investigation: What hit al-Ahli Hospital in Gaza?,"Gaza hospital: What video, pictures and other evidence tell us about Al-Ahli hospital blast - BBC News",0
22299,1061,19/10/2023,2023,18/10/2023,0.743467927,Video investigation: What hit al-Ahli Hospital in Gaza?,Panic and confusion at scene of Gaza hospital blast - BBC News,0
22469,1067,19/10/2023,2019,19/10/2023,0.795999527,Jewish activists arrested at US Congress anti-Israel protest amid Gaza war,Hundreds arrested at Israel-Gaza protest near US Capitol - BBC News,1
22599,1072,18/10/2023,2016,19/10/2023,0.815098405,What is Israel’s narrative on the Gaza hospital explosion?,"Gaza hospital: What video, pictures and other evidence tell us about Al-Ahli hospital blast - BBC News",0
22606,1072,18/10/2023,2023,18/10/2023,0.84749949,What is Israel’s narrative on the Gaza hospital explosion?,Panic and confusion at scene of Gaza hospital blast - BBC News,0
22613,1072,18/10/2023,2030,18/10/2023,0.7398206,What is Israel’s narrative on the Gaza hospital explosion?,Hospital blast in Gaza City kills hundreds - health officials - BBC News,0
22628,1073,18/10/2023,2016,19/10/2023,0.740222156,Israel-Gaza: What international law says about the deadly hospital strike,"Gaza hospital: What video, pictures and other evidence tell us about Al-Ahli hospital blast - BBC News",0
22635,1073,18/10/2023,2023,18/10/2023,0.737951875,Israel-Gaza: What international law says about the deadly hospital strike,Panic and confusion at scene of Gaza hospital blast - BBC News,0
22642,1073,18/10/2023,2030,18/10/2023,0.755602479,Israel-Gaza: What international law says about the deadly hospital strike,Hospital blast in Gaza City kills hundreds - health officials - BBC News,0
22715,1076,18/10/2023,2016,19/10/2023,0.833777428,"Where in Gaza is al-Ahli Arab Hospital, the site hit amid war with Israel?","Gaza hospital: What video, pictures and other evidence tell us about Al-Ahli hospital blast - BBC News",0
22722,1076,18/10/2023,2023,18/10/2023,0.715682387,"Where in Gaza is al-Ahli Arab Hospital, the site hit amid war with Israel?",Panic and confusion at scene of Gaza hospital blast - BBC News,0
22806,1079,18/10/2023,2020,19/10/2023,0.711779475,What has been US President Biden’s stance on Israel-Gaza war so far?,Israel Gaza: Biden clinches deal with Egypt to allow aid - BBC News,0
22814,1079,18/10/2023,2028,18/10/2023,0.731734097,What has been US President Biden’s stance on Israel-Gaza war so far?,Israel Gaza: Biden's visit is a high-stakes gamble - BBC News,0
22838,1080,18/10/2023,2023,18/10/2023,0.708803415,"Biden arrives in Tel Aviv, backs Israel’s narrative on Gaza hospital strike",Panic and confusion at scene of Gaza hospital blast - BBC News,0
22843,1080,18/10/2023,2028,18/10/2023,0.716457367,"Biden arrives in Tel Aviv, backs Israel’s narrative on Gaza hospital strike",Israel Gaza: Biden's visit is a high-stakes gamble - BBC News,0
23009,1086,18/10/2023,2020,19/10/2023,0.703826606,What can Biden’s Israel visit accomplish after Gaza hospital bombing?,Israel Gaza: Biden clinches deal with Egypt to allow aid - BBC News,0
23017,1086,18/10/2023,2028,18/10/2023,0.761382282,What can Biden’s Israel visit accomplish after Gaza hospital bombing?,Israel Gaza: Biden's visit is a high-stakes gamble - BBC News,0
23031,1086,18/10/2023,2042,17/10/2023,0.707767606,What can Biden’s Israel visit accomplish after Gaza hospital bombing?,Biden to visit Israel as concerns grow over conflict escalating - BBC News,0
23063,1088,18/10/2023,2016,19/10/2023,0.777151465,What we know so far about the deadly strike on a Gaza hospital,"Gaza hospital: What video, pictures and other evidence tell us about Al-Ahli hospital blast - BBC News",1
23070,1088,18/10/2023,2023,18/10/2023,0.800255895,What we know so far about the deadly strike on a Gaza hospital,Panic and confusion at scene of Gaza hospital blast - BBC News,0
23077,1088,18/10/2023,2030,18/10/2023,0.772240698,What we know so far about the deadly strike on a Gaza hospital,Hospital blast in Gaza City kills hundreds - health officials - BBC News,0
23182,1093,17/10/2023,2030,18/10/2023,0.733290792,World reacts as Gaza officials say 500 killed in Israeli strike on hospital,Hospital blast in Gaza City kills hundreds - health officials - BBC News,0
23203,1094,17/10/2023,2030,18/10/2023,0.806164265,Gaza authorities say hundreds killed in Israeli air raid on hospital,Hospital blast in Gaza City kills hundreds - health officials - BBC News,1
23412,1104,17/10/2023,2028,18/10/2023,0.783945441,Biden to visit Israel as Gaza faces humanitarian catastrophe,Israel Gaza: Biden's visit is a high-stakes gamble - BBC News,0
23425,1104,17/10/2023,2042,17/10/2023,0.766699851,Biden to visit Israel as Gaza faces humanitarian catastrophe,Biden to visit Israel as concerns grow over conflict escalating - BBC News,1
23648,1120,16/10/2023,2037,17/10/2023,0.818306684,Why reopening Egypt-Gaza Rafah crossing is crucial amid Israeli bombing,Why Egypt remains reluctant to open Rafah crossing to Gaza - BBC News,1
23689,1123,16/10/2023,2042,17/10/2023,0.732180178,Biden weighs Israel visit after Netanyahu extends invite amid Gaza war,Biden to visit Israel as concerns grow over conflict escalating - BBC News,1
